ENS,Nt,Ns,beta,f_bare_mass,as_bare_mass,f_epsilon,as_epsilon,Lambda_N_source,Lambda_N_sink,Lambda_ti,Lambda_tf,Lambda_chisquare/dof,m_Lambda,m_Lambda_error,Sigma_N_source,Sigma_N_sink,Sigma_ti,Sigma_tf,Sigma_chisquare/dof,m_Sigma,m_Sigma_error,SigmaS_N_source,SigmaS_N_sink,SigmaS_ti,SigmaS_tf,SigmaS_chisquare/dof,m_SigmaS,m_SigmaS_error,R_Lambda_Sigma,R_Lambda_Sigma_error,R_Sigma_SigmaS,R_Sigma_SigmaS_error
QB1,48,24,7.62,-0.7,-0.8,0.05,0.01,100,10,12,24,0.45,1.3165630615611557,0.0030645188447360194,100,0,12,24,0.37,1.3033431645371043,0.0027231396069913316,100,0,12,24,0.68,1.341872777080562,0.0033389058906052593,1.0101430669863116,0.0015169343020042803,0.9712866873808376,0.001190523800099763
QB1,48,24,7.62,-0.73,-0.8,0.05,0.01,100,0,12,24,0.53,1.2643101289784682,0.0034376335458350393,100,0,12,24,0.37,1.2505736510063632,0.0031876501587542183,100,0,12,24,0.64,1.2914977879336678,0.0038933664079423558,1.0109841415266114,0.0018038435398450847,0.9683126542610799,0.0014595050282033561
QB1,48,24,7.62,-0.75,-0.8,0.05,0.01,100,0,12,24,0.59,1.2294139896431737,0.004093474046024781,100,0,14,24,0.26,1.2143172602896692,0.0036139001285655503,100,0,12,24,0.54,1.2575721257166086,0.004555581603031156,1.0124322776651493,0.0026496866193428392,0.9656044655074625,0.002476715613276892
QB1,48,24,7.62,-0.77,-0.8,0.05,0.01,100,0,12,20,1.03,1.1937903974189736,0.0057979737618982785,100,0,14,22,0.42,1.178627742467459,0.0047419941246305,100,0,14,20,0.26,1.2213092524995175,0.006318407013539806,1.0128646682961762,0.0035007131933613156,0.9650526597217641,0.002848036213504712
QB1,48,24,7.62,-0.79,-0.8,0.05,0.01,100,0,12,24,0.91,1.16139662603282,0.007032061816631963,100,0,14,24,0.57,1.142795150175624,0.006181902391228622,100,0,12,24,0.38,1.1889319757835435,0.0070116020856985095,1.016277174307519,0.005380850612269228,0.9611947306089451,0.005028535088146158
QB1,48,24,7.62,-0.7,-0.9,0.05,0.01,100,0,12,24,0.35,1.2251071329561927,0.0028864444724789884,100,0,14,24,0.23,1.204779841103813,0.002615379544725016,100,0,12,24,0.71,1.2539204788463714,0.0033567911442760057,1.0168722044965126,0.0016208672112301148,0.9608104033935481,0.0016704986441966607
QB1,48,24,7.62,-0.73,-0.9,0.08,0.01,100,0,12,24,0.34,1.170508433554607,0.003154115677140412,100,0,14,24,0.25,1.1498873896592496,0.0029308947329214075,100,0,12,24,0.66,1.2023848646434723,0.003850759811470539,1.0179330985632151,0.0021189296612846853,0.9563388757394339,0.0022421633378603145
QB1,48,24,7.62,-0.75,-0.9,0.08,0.01,100,0,12,24,0.4,1.1343956370109445,0.0036328451900473624,100,0,14,24,0.28,1.1129627370067945,0.0032878165654095515,100,0,12,24,0.57,1.1680998933545585,0.004512431441700215,1.0192575180565269,0.0026542340632149664,0.9527975675184588,0.002759979736531748
QB1,48,24,7.62,-0.77,-0.9,0.08,0.01,100,0,12,24,0.54,1.0984062655351976,0.0046670722917254714,100,0,14,24,0.42,1.0757823492737806,0.0041972075950011956,100,0,12,24,0.46,1.1331495971371432,0.0051269465654837365,1.021030198419494,0.0036031373346145923,0.94937363256511,0.003453611092300024
QB1,48,24,7.62,-0.79,-0.9,0.08,0.01,100,0,10,24,0.73,1.063349157819219,0.004926303883286076,100,0,12,24,0.83,1.0427327370427961,0.004781445880180701,100,0,14,24,0.4,1.0918495999712143,0.0076044335602918345,1.0197715292174399,0.004754077015224123,0.9550149920559451,0.005394707876853033
QB1,48,24,7.62,-0.7,-0.95,0.05,0.01,100,0,12,24,0.33,1.175971834677358,0.002762031642455476,100,0,14,24,0.24,1.1510745843284245,0.0026283027926325975,100,0,12,24,0.69,1.206902522535366,0.003277766355038958,1.0216295717826656,0.0016289930623085702,0.9537427943313412,0.0017531372061755368
QB1,48,24,7.62,-0.73,-0.95,0.2,0.01,100,0,10,24,0.5,1.120895318736216,0.0029420192007725277,100,0,12,24,0.47,1.0947079017768238,0.0027042782278974276,100,0,12,24,0.64,1.1541169744417794,0.003978126621504652,1.0239218305786297,0.002175706736678551,0.9485242189651613,0.002012945397103283
QB1,48,24,7.62,-0.75,-0.95,0.2,0.01,100,0,10,24,0.62,1.0841633652652334,0.0033360192923361787,100,0,12,24,0.5,1.0570439556149798,0.002928248056434324,100,0,12,24,0.59,1.119746768831535,0.004509394760896068,1.0256558958652535,0.002561731954320079,0.944002684390877,0.0023725986149985
QB1,48,24,7.62,-0.77,-0.95,0.2,0.01,100,0,10,24,0.76,1.0470995263998377,0.003865628041353819,100,0,12,24,0.65,1.0195764625893646,0.003715352075647216,100,0,12,24,0.53,1.0845413218736817,0.0052444134773339535,1.0269946049368128,0.0031594072440832566,0.9400992309153494,0.0028219575956145437
QB1,48,24,7.62,-0.79,-0.95,0.2,0.01,100,0,10,24,0.86,1.0093434775246135,0.005110141673811741,100,0,12,24,0.97,0.9838996327101115,0.00463979610632026,100,0,12,24,0.5,1.0483684282246886,0.006633143982300194,1.0258602035905005,0.004785542336426252,0.9385055923290738,0.0039230292950210854
QB1,48,24,7.62,-0.7,-1.0,0.05,0.01,100,0,10,20,0.68,1.1264802691939124,0.0030665929158817384,100,0,12,22,0.53,1.0940201372332388,0.002633745737670834,100,0,11,20,1.03,1.1599547446786596,0.003495425947391162,1.0296705068361582,0.002102502056896993,0.9431576035635023,0.0019486258759674469
QB1,48,24,7.62,-0.73,-1.0,0.1,0.01,100,0,10,24,0.43,1.0689320311618373,0.002881838619322563,100,0,12,24,0.46,1.0363397471992823,0.002632560560780206,100,0,12,24,0.58,1.1049985219863407,0.003838441672793902,1.0314494199905349,0.002203238583587952,0.9378652790741858,0.002155134156718419
QB1,48,24,7.62,-0.75,-1.0,0.1,0.01,100,0,10,24,0.49,1.0314771607165767,0.0031482194477168157,100,0,12,24,0.54,0.9977581895376657,0.002922461779058416,100,0,12,24,0.5,1.0704474458673214,0.00410657853098062,1.0337947325639447,0.002705709501579223,0.932094511869511,0.002593810683156672
QB1,48,24,7.62,-0.77,-1.0,0.1,0.01,100,0,10,24,0.64,0.9935569145512448,0.003636049921332374,100,0,12,24,0.74,0.959168422946469,0.0036084449379671923,100,0,12,24,0.4,1.0352999690996914,0.004745275073498423,1.0358524017076562,0.0032952258707912296,0.9264642630875115,0.002945582265638791
QB1,48,24,7.62,-0.79,-1.0,0.1,0.01,100,0,10,24,0.83,0.9551770629973211,0.00475777395680177,100,0,12,24,1.07,0.9220367841962596,0.004475482649324403,100,0,12,24,0.41,0.9996569988313888,0.006127583824844018,1.0359424692909078,0.00470624654230023,0.9223531524054068,0.004067361600894492
QB1,48,24,7.62,-0.7,-1.05,0.05,0.01,100,0,12,24,0.65,1.0689931271592616,0.002870997065014258,100,0,12,24,0.45,1.0311856875544483,0.0024644214721263324,100,0,12,24,0.55,1.1048793987514884,0.0034358743927718205,1.0366640461180927,0.0017106733634948412,0.9333015790860849,0.001828037776470226
QB1,48,24,7.62,-0.73,-1.05,0.08,0.01,100,0,12,24,0.5,1.0109462900795512,0.003150946046445169,100,0,12,24,0.49,0.9718749390188905,0.0025334628311557417,100,0,12,24,0.48,1.0518565500044128,0.003839468876379426,1.0402020357682062,0.002404048065886899,0.9239614841156936,0.0024394289794557045
QB1,48,24,7.62,-0.75,-1.05,0.08,0.01,100,0,12,24,0.53,0.9720698784686931,0.003587822804414942,100,0,12,24,0.59,0.9318194143550405,0.003026371027564867,100,0,12,24,0.4,1.016847659576729,0.004200825417002951,1.0431955628886656,0.002878403118144579,0.9163805468588261,0.0028657975379380307
QB1,48,24,7.62,-0.77,-1.05,0.08,0.01,100,0,12,24,0.71,0.9325537556630756,0.004538516683523786,100,0,12,24,0.78,0.8914109174046758,0.003404139342447321,100,0,12,24,0.33,0.981798686114518,0.0047984322285008485,1.04615473902674,0.0038565641391037353,0.9079365556420196,0.003588549835745636
QB1,48,24,7.62,-0.79,-1.05,0.08,0.01,100,0,12,24,1.06,0.8935353313886423,0.006001561902840624,100,0,12,24,1.02,0.8517082059872972,0.004394182297597138,100,0,12,24,0.41,0.9472011496436415,0.006114282434730001,1.0491096893364544,0.005813035898276198,0.8991840923205479,0.004565782763065851
QB1,48,24,7.62,-0.7,-1.1,0.05,0.08,100,0,10,20,1.23,1.0070761559856352,0.0030657037059294012,100,0,12,22,0.51,0.9624068916419266,0.002437311543812992,100,0,10,20,0.87,1.0521171023361768,0.00314503140317246,1.0464141152059916,0.0023448030869490655,0.9147336256629106,0.002467535800052323
QB1,48,24,7.62,-0.73,-1.1,0.05,0.08,100,0,10,20,1.16,0.9495582248910681,0.0032052015683208257,100,0,12,22,0.5,0.9011978950159449,0.0025371133082712216,100,0,10,20,0.82,1.0002017293055752,0.003406685694346434,1.0536622756695049,0.0029015674003072256,0.9010161336569903,0.002814916250437949
QB1,48,24,7.62,-0.75,-1.1,0.05,0.08,100,0,10,20,1.08,0.9105526283236705,0.0033962266667846297,100,0,12,22,0.51,0.859364852241775,0.002717882541930061,100,0,10,20,0.82,0.9655209281862986,0.0034935654622908485,1.0595646609799843,0.0033558120983596673,0.8900530554589483,0.0031202395333903565
QB1,48,24,7.62,-0.77,-1.1,0.05,0.08,100,0,10,20,1.01,0.8708716119247877,0.003747137315253779,100,0,12,22,0.52,0.816588815360803,0.0029647101710209567,100,0,10,20,0.85,0.9309449013580107,0.003774139039154578,1.066475067430357,0.003950591010399185,0.8771612736367196,0.0034818894921703203
QB1,48,24,7.62,-0.79,-1.1,0.05,0.08,100,0,10,20,0.96,0.8295636004247244,0.004895183423739402,100,0,12,22,0.51,0.77240237288427,0.0035565170250239087,100,0,10,20,0.78,0.8966560977898844,0.0043837527290049305,1.0740044691046269,0.00548818643096971,0.8614254392382095,0.004640496783485659
QB1,48,24,7.62,-0.77,-1.12,0.18,0.18,60,0,10,22,1.36,0.8420621097399644,0.003778241438610608,60,0,12,24,0.51,0.7821846204937166,0.0030550312661411505,60,0,12,20,0.57,0.900464999006287,0.005068672311514311,1.0765516064589111,0.004306742244591044,0.8686452236976459,0.004407582739241356
QB1,48,24,7.62,-0.78,-1.12,0.18,0.18,60,0,10,22,1.28,0.8214590960847605,0.004122529992987678,60,0,12,24,0.52,0.7594834545402697,0.0033457247832199277,60,0,12,20,0.56,0.8829421312869135,0.005333018011696833,1.0816023590428392,0.004986848771873831,0.8601735353066693,0.005051460860325596
QB1,48,24,7.62,-0.79,-1.12,0.18,0.18,60,0,10,22,1.21,0.8003392103999755,0.004734233112201558,60,0,12,24,0.54,0.7362802028062754,0.0035872607088737185,60,0,12,20,0.52,0.8655926792812244,0.006079429273645354,1.0870035719411497,0.005827121542482772,0.8506081675941065,0.0058072191065021705
QB1,48,24,7.62,-0.77,-1.14,0.18,0.18,60,0,10,22,1.2,0.8133516644345158,0.004151752948077014,60,0,12,24,0.6,0.7461421265095234,0.0031738884024217207,60,0,11,20,0.59,0.8763505668552666,0.00501792865651618,1.0900760532573073,0.0053192491543019305,0.8514196883411753,0.004936342119673975
QB1,48,24,7.62,-0.78,-1.14,0.18,0.18,60,0,10,22,1.12,0.7926489815772281,0.004650121189063272,60,0,12,24,0.59,0.7223561588099355,0.0033400295759736798,60,0,11,20,0.53,0.8582539195366434,0.005274944818235872,1.0973104775393598,0.005853509482561581,0.8416578618131139,0.005391663981781258
QB1,48,24,7.62,-0.79,-1.14,0.18,0.18,60,0,10,20,1.33,0.7713301143951878,0.005274563847926794,60,0,12,22,0.7,0.697277456522369,0.003894234038632871,60,0,11,20,0.48,0.8401625627337536,0.00576180551463501,1.1062025699814706,0.0073235664229600594,0.8299315959206045,0.006199519495212691
QB1,48,24,7.62,-0.7,-1.15,0.05,0.1,100,0,10,20,1.49,0.9399079609025994,0.003491894689278241,100,0,12,22,0.53,0.884287425101719,0.002937426986816871,100,0,11,20,0.98,0.9908617163504254,0.004479471492996323,1.0628987071646783,0.003363913393709117,0.8924428207386552,0.0035160256161886894
QB1,48,24,7.62,-0.73,-1.15,0.05,0.1,100,0,10,20,1.26,0.8804983472337531,0.003716767699275758,100,0,12,22,0.59,0.8190677228327758,0.0030271422518020064,100,0,14,20,0.19,0.9314791137474863,0.007179650224045542,1.0750006656208075,0.003961825639643868,0.8793194723792981,0.006219153670658839
QB1,48,24,7.62,-0.75,-1.15,0.05,0.1,100,0,10,20,1.08,0.8400716871539232,0.00397299903696835,100,0,12,22,0.65,0.7737944274762405,0.0031169164632535162,100,0,14,20,0.21,0.8953676784204923,0.008079933379684823,1.0856522835061613,0.0047632900938821,0.8642197458381369,0.007512231246177281
QB1,48,24,7.62,-0.77,-1.15,0.05,0.1,100,0,10,20,0.96,0.798900771992501,0.004695859381813494,100,0,12,22,0.73,0.7266181384576308,0.0034175413544391686,100,0,10,20,0.85,0.8689928586267699,0.0046852063513305175,1.0994781573830543,0.005912825784002873,0.8361612310668152,0.0054162869535318015
QB1,48,24,7.62,-0.79,-1.15,0.05,0.1,100,0,10,20,0.87,0.7564878812931684,0.005648647998496736,100,0,12,22,0.82,0.6765534412021161,0.0040739401447054124,100,0,11,20,0.54,0.8275640371733542,0.006251966953300436,1.1181494841693849,0.008493140401556465,0.8175239749578375,0.0067673187096845
QB2,60,48,7.7,-0.7,-0.89,0.18,0.02,50,0,17,29,0.57,1.091255860413871,0.003849376425918649,50,0,17,28,0.52,1.0745170421178565,0.0027483950558535586,50,0,17,25,0.25,1.1190907257806408,0.003788068020107449,1.0155779923816028,0.002693886314433458,0.9601697318761254,0.0021989029673430416
QB2,60,48,7.7,-0.72,-0.89,0.18,0.02,50,0,17,29,0.75,1.0522576525738474,0.004630183263486742,50,0,17,28,0.33,1.0363489279317466,0.0029958177292781496,50,0,17,25,0.29,1.083317825895054,0.004217866466858622,1.015350741640511,0.0034068738162951195,0.956643473558186,0.002550287225132286
QB2,60,48,7.7,-0.74,-0.89,0.18,0.02,50,0,15,29,0.94,1.016679920335981,0.004212213292480893,50,0,17,28,0.24,0.9981754186502567,0.0037140048114454594,50,0,17,25,0.34,1.0468999426723526,0.005028341654938595,1.018538326370275,0.003777701749139384,0.9534582799787723,0.0031588628819798625
QB2,60,48,7.7,-0.77,-0.89,0.18,0.02,50,0,15,29,0.9,0.9622753049577456,0.007410044604713173,50,0,17,28,1.01,0.94076053029268,0.006135655614939339,50,0,17,25,0.29,0.9867763625548156,0.008232310456820713,1.0228695549741782,0.008301837847074944,0.9533675166853428,0.006326200483770972
QB2,60,48,7.7,-0.72,-0.91,0.18,0.02,50,0,14,27,0.64,1.0350305502975532,0.002980270212144198,50,0,14,30,0.38,1.0154677274006123,0.0025055901161068483,50,0,16,25,0.5,1.0656353339670723,0.004274865494308555,1.0192648396094455,0.0022124542998185337,0.9529223506697178,0.0025727692757198106
QB2,60,48,7.7,-0.74,-0.91,0.18,0.02,50,0,14,27,0.75,0.9964046731180773,0.003453800136596019,50,0,14,28,0.28,0.9761105184680549,0.0028624004139209402,50,0,16,25,0.61,1.0299035088230095,0.005054264131346464,1.0207908369657495,0.0028351275991436165,0.9477689027232947,0.0032099290680636106
QB2,60,48,7.7,-0.77,-0.91,0.18,0.02,50,0,14,27,0.86,0.9400142106461203,0.0058652594992711915,50,0,14,28,0.88,0.9161092260741628,0.004355918080992227,50,0,16,25,0.53,0.9726341573372848,0.007618620529123876,1.0260940332130466,0.00602738847055484,0.9418846944283075,0.005916714064930995
QB2,60,48,7.7,-0.72,-0.92,0.18,0.02,50,0,14,27,0.64,1.0243509185795279,0.0029694775290738384,50,0,14,28,0.36,1.0034460342700537,0.0025273741409657102,50,0,16,25,0.51,1.0555182395324283,0.004181919200135331,1.0208330927578793,0.002084268858243199,0.9506666930877088,0.002574020604121152
QB2,60,48,7.7,-0.74,-0.92,0.18,0.02,50,0,14,27,0.75,0.9855992229653711,0.0034037658313245123,50,0,14,28,0.28,0.9644786417103577,0.002872561829673992,50,0,16,25,0.62,1.0197542222194278,0.00498996069525548,1.0218984437203908,0.0027802745029676945,0.9457951932880784,0.0032650599467148878
QB2,60,48,7.7,-0.77,-0.92,0.18,0.02,50,0,14,27,0.85,0.929045717812772,0.00577678376304247,50,0,14,28,0.88,0.9042017075763114,0.00433334482343084,50,0,16,25,0.54,0.9625474949089527,0.007468996764436575,1.027476181507171,0.005979526767355692,0.9393839912926475,0.005902634304779331
QB2,60,48,7.7,-0.7,-0.93,0.18,0.02,50,0,17,28,0.5,1.049457359305518,0.0036856360413417555,50,0,17,29,0.6,1.030275297578755,0.0026272709555295037,50,0,17,26,0.24,1.078868995531454,0.003778045115202744,1.018618384592781,0.0027004847984026803,0.9549586667575318,0.0024406210872660594
QB2,60,48,7.7,-0.72,-0.93,0.18,0.02,50,0,14,25,0.66,1.013558711218241,0.003206293921009129,50,0,14,27,0.36,0.9916662117122479,0.002489734590783721,50,0,17,26,0.28,1.0429948941207063,0.004121197149937528,1.022076480218271,0.0020995767826386125,0.950787216027811,0.002976097723004334
QB2,60,48,7.7,-0.74,-0.93,0.18,0.02,50,0,14,25,0.75,0.974895298043866,0.0036074613108630915,50,0,14,27,0.3,0.9526525445393426,0.002816223722928446,50,0,17,26,0.35,1.0063055772248082,0.004915142096771241,1.0233482329229266,0.0027779034391148816,0.946683160761734,0.0036247684950558856
QB2,60,48,7.7,-0.76,-0.93,0.18,0.02,50,0,14,26,0.81,0.9362833121679471,0.004555359165040573,50,0,14,26,0.46,0.9129729339069028,0.0036002296958450586,50,0,17,24,0.44,0.9677703414852323,0.006383631839522508,1.025532386991246,0.004457495864906624,0.9433776741967188,0.005370968621663197
QB2,60,48,7.7,-0.77,-0.93,0.18,0.02,50,0,14,25,1.0,0.9185899940075775,0.00569078104437315,50,0,14,27,0.64,0.8923149838687352,0.004188514063322435,50,0,17,24,0.35,0.9462961645524941,0.007823929418044329,1.0294458914327806,0.006257118768017822,0.9429553001419099,0.006947561590412432
QB2,60,48,7.7,-0.76,-0.97,0.18,0.02,50,0,14,26,0.75,0.8906276004032284,0.004351050614112673,50,0,14,26,0.47,0.8626804999583133,0.003254236313331771,50,0,17,24,0.47,0.9254442384310271,0.0062189366245899436,1.0323956556874365,0.00445602068080575,0.9321798808979332,0.005302248733135229
QB2,60,48,7.7,-0.76,-1.01,0.18,0.02,50,0,13,26,0.73,0.8397974353638261,0.004134470402604173,50,0,14,26,0.48,0.8077866324526818,0.0030705989123659405,50,0,17,25,0.51,0.8810548778694102,0.006136539947078856,1.0396277947976806,0.004386448992005798,0.9168403157883791,0.005707161947384742
QB2,60,48,7.7,-0.72,-1.09,0.18,0.12,50,0,12,22,0.8,0.8171046907195729,0.003323206575982729,50,0,14,24,0.9,0.7688878492889177,0.0022890883254509387,50,0,16,25,0.37,0.8615942152807476,0.00444053829345703,1.0627098496552483,0.0034540296989480357,0.8924013597728,0.0046707084677960475
QB2,60,48,7.7,-0.74,-1.09,0.18,0.12,50,0,12,22,0.61,0.7750745702551185,0.0035707252359513664,50,0,14,24,0.89,0.7237337518574798,0.0024616026454507,50,0,16,25,0.39,0.8250154334728665,0.0053520409825090764,1.0709388200645213,0.004422756113048321,0.8772366218786406,0.005688128586109453
QB2,60,48,7.7,-0.76,-1.09,0.18,0.12,50,0,12,22,0.45,0.7322874135271256,0.004573335284963287,50,0,14,24,0.85,0.6768340445206855,0.0029078236993280715,50,0,16,25,0.47,0.7898580992600335,0.006946337447970796,1.081930525592445,0.005846553525534315,0.8569058735420542,0.007594061779122474
QB2,60,48,7.7,-0.72,-1.1,0.18,0.12,50,0,12,23,0.76,0.8026019603659769,0.003427777167503865,50,0,17,24,1.05,0.7518833189769278,0.0028697780408556417,50,0,16,26,0.48,0.8495342938466219,0.004816956420531926,1.0674554683006678,0.0049142549897081,0.8850535221744393,0.005509697703894534
QB2,60,48,7.7,-0.74,-1.1,0.18,0.12,50,0,12,23,0.56,0.7603850302839245,0.00387731442597683,50,0,17,24,0.92,0.7061372686333507,0.003082551734703287,50,0,16,26,0.5,0.813053564382906,0.005747413713054206,1.0768232524471684,0.006149324823499169,0.8685003049821164,0.006705460011781628
QB2,60,48,7.7,-0.76,-1.1,0.18,0.12,50,0,12,23,0.41,0.7175771714909409,0.004734996658922519,50,0,14,26,0.79,0.6573700000343703,0.0027185197764305613,50,0,16,25,0.46,0.7780425383084257,0.007825909616721027,1.091587951159047,0.006519171060044959,0.8449023898662218,0.008790904837513769
QB2,60,48,7.7,-0.77,-1.1,0.2,0.18,50,0,9,22,0.38,0.6965120095887876,0.003943026005835182,50,0,14,28,0.8,0.6326134262054321,0.0031595634090149094,50,0,12,23,0.72,0.7618191196297381,0.0058146447925300215,1.101007314635471,0.006713211468876379,0.8303984632374376,0.006251806182892783
QB2,60,48,7.7,-0.72,-1.11,0.18,0.14,50,0,12,23,0.76,0.7883455209611033,0.003822602192077529,50,0,18,25,1.02,0.7351879376232728,0.0035905423266779923,50,0,16,24,0.37,0.8352980031791504,0.0055906528327283045,1.0723047544954003,0.006180524362779494,0.880150479020831,0.0066590617057940005
QB2,60,48,7.7,-0.74,-1.11,0.18,0.14,50,0,12,23,0.55,0.7458777075380957,0.004210140616468405,50,0,14,26,0.92,0.6858803681936689,0.002620811059698358,50,0,14,23,0.72,0.8040422540386081,0.00529059809310195,1.0874749331321953,0.005467452652471838,0.8530402037313013,0.005444378650532045
QB2,60,48,7.7,-0.76,-1.11,0.18,0.14,50,0,12,23,0.42,0.7027521129638514,0.005048950414793252,50,0,14,26,0.88,0.6369053830935244,0.0028962045822759075,50,0,14,23,0.69,0.7707050476885456,0.0063701501244364245,1.1033854189620784,0.007724122567557057,0.8263931642898856,0.007020627323993445
QB2,60,48,7.7,-0.77,-1.11,0.2,0.18,50,0,9,22,0.42,0.6810048914266484,0.00432693356467051,50,0,14,28,0.85,0.6114915720317169,0.0031303299592522205,50,0,12,23,0.77,0.7493840608523659,0.006103147352438665,1.113678295130004,0.0072658387821928905,0.8159922314549805,0.006762923280847821
QB2,60,48,7.7,-0.72,-1.12,0.18,0.2,50,0,12,23,0.66,0.7737631898101146,0.004384254544956834,50,0,14,26,1.01,0.7140423237476633,0.0026535482924819886,50,0,12,23,0.62,0.826908181725655,0.005074950686732471,1.0836377117661673,0.005214783982053772,0.8635085968765546,0.005061030547258927
QB2,60,48,7.7,-0.74,-1.12,0.18,0.2,50,0,12,23,0.48,0.7309576685588073,0.004971229656074216,50,0,14,26,0.97,0.6655815370139841,0.0027979945410750995,50,0,12,23,0.61,0.7904621829552572,0.005659115928446368,1.0982240761036157,0.006548507273964388,0.8420156604147858,0.005721218340417056
QB2,60,48,7.7,-0.76,-1.12,0.18,0.2,50,0,12,23,0.4,0.687553758262661,0.0057881775294834625,50,0,14,26,0.97,0.6152532254057423,0.0030682784913240724,50,0,12,23,0.71,0.7549019094035152,0.006405637197740677,1.1175134560395656,0.008264979920673987,0.815010821593873,0.006781264881291493
QB2,60,48,7.7,-0.77,-1.12,0.2,0.18,50,0,9,22,0.46,0.6650422351281776,0.0048182407140379135,50,0,14,28,0.97,0.5888865346392088,0.0033143603761986995,50,0,12,23,0.81,0.7371965704003811,0.006831661163850922,1.129321517829622,0.00826432389141929,0.7988188744819809,0.007589850567025658
QB3,60,48,7.85,-0.66,-0.85,0.18,0.01,50,0,19,27,1.17,0.9889792074936558,0.003086062824102398,50,0,19,29,1.69,0.9742234504677978,0.002275060672155549,50,0,16,30,0.78,1.0151292979019808,0.0021631946697233673,1.0151461731071785,0.002123893050853365,0.9597038056937917,0.0019242656226671206
QB3,60,48,7.85,-0.68,-0.85,0.18,0.01,50,0,17,30,1.0,0.9465444160185195,0.0030785708685399094,50,0,16,30,1.13,0.9335757874964348,0.0019059295226511175,50,0,16,28,0.78,0.9789309427892318,0.0024385554012519295,1.0138913505424798,0.002614048473330577,0.9536686876363636,0.0016679179668662725
QB3,60,48,7.85,-0.7,-0.85,0.18,0.01,50,0,17,25,0.37,0.9071169235738941,0.00411499460778364,50,0,16,27,1.03,0.8938932986143393,0.0022928814267232367,50,0,18,28,0.62,0.944949384901423,0.003527305483059573,1.0147932924209782,0.004212204049891088,0.9459695015385297,0.0029811506768192553
QB3,60,48,7.85,-0.72,-0.85,0.18,0.01,50,0,17,25,0.35,0.8641247163513994,0.0058224091827813185,50,0,16,27,0.74,0.8538082459146121,0.0031544845730264726,50,0,18,28,0.6,0.9103388690642711,0.005513355383508944,1.012082889203929,0.006744370737665983,0.9379015605389164,0.0051952058669261225
QB3,60,48,7.85,-0.66,-0.87,0.18,0.01,50,0,17,25,0.88,0.9682131759574442,0.0028867603899689342,50,0,16,27,1.55,0.9509139876715188,0.0016719863034484472,50,0,18,28,0.62,0.9959381424488449,0.0024651095338932283,1.018192169334143,0.002254187705523325,0.9547922176505669,0.0017553789902399197
QB3,60,48,7.85,-0.68,-0.87,0.18,0.01,50,0,17,25,0.66,0.9275088787582659,0.0033777407046677865,50,0,16,27,1.4,0.910760549329415,0.0018665170801169806,50,0,18,28,0.6,0.9599262620533101,0.002771212490707775,1.0183893883427237,0.0028967843318083997,0.9487817818227743,0.0022564056492712092
QB3,60,48,7.85,-0.7,-0.87,0.18,0.01,50,0,17,25,0.39,0.8854948448595009,0.0040223830806253025,50,0,16,27,1.08,0.8701600999139828,0.0021837292556222687,50,0,18,28,0.59,0.9243097258248536,0.0034539259268313582,1.0176229005984463,0.004022269385884236,0.9414161461272652,0.003084961659817531
QB3,60,48,7.85,-0.72,-0.87,0.18,0.01,50,0,17,25,0.37,0.8421895012324124,0.005703167962309519,50,0,16,27,0.76,0.8295993836702065,0.0031336767464982263,50,0,18,28,0.56,0.889743044038503,0.005402070580165619,1.0151761414123843,0.0066334796593536804,0.9324033373778263,0.005161249249541755
QB3,60,48,7.85,-0.66,-0.9,0.18,0.01,50,0,17,27,1.13,0.9335307932030595,0.002516710721347848,50,0,16,29,1.43,0.9146475842280736,0.0016975009033578514,50,0,16,30,0.85,0.9626627654336853,0.002084680662924332,1.0206453384894933,0.0018857255264772554,0.9501225320748947,0.001441959150069616
QB3,60,48,7.85,-0.68,-0.9,0.18,0.01,50,0,17,27,1.01,0.892316814896351,0.0029169989819043396,50,0,16,29,1.3,0.8738445264196033,0.0018267573457911856,50,0,16,30,1.04,0.9259284140380473,0.0023109666098088955,1.021139101886275,0.0025871760279227995,0.9437495525260944,0.0018138336068527217
QB3,60,48,7.85,-0.7,-0.9,0.18,0.01,50,0,17,27,1.12,0.8497463819948692,0.003731752551725309,50,0,16,29,0.99,0.8326055030474753,0.002137957886923836,50,0,16,30,1.19,0.8895355072796038,0.0027274313025419383,1.020587035378286,0.003676520981086062,0.9360003015436302,0.002512692404511685
QB3,60,48,7.85,-0.72,-0.9,0.18,0.01,50,0,17,25,0.4,0.8079962718755622,0.005544549091395123,50,0,16,25,0.52,0.7917217492104409,0.0029457280759395132,50,0,16,26,0.68,0.8528715266255571,0.003964918744064905,1.0205558615528136,0.006594294365166453,0.9283013027096129,0.0037150229208158247
QB3,60,48,7.85,-0.66,-0.93,0.18,0.01,50,0,17,25,1.02,0.9008999869756462,0.0027180425923050144,50,0,16,27,1.67,0.8772455376223505,0.001643645809030092,50,0,18,28,0.57,0.9312959352544713,0.002520527929123939,1.0269644567442404,0.0021696396724506517,0.9419621673562315,0.001979674634514317
QB3,60,48,7.85,-0.68,-0.93,0.18,0.01,50,0,17,25,0.79,0.8594679218819741,0.003105536323559477,50,0,16,27,1.52,0.835684489706848,0.0018008384551220225,50,0,18,28,0.5,0.8949415364072257,0.002767201718039569,1.0284598224187087,0.0027598180201473532,0.9337866840572993,0.0024349458471272234
QB3,60,48,7.85,-0.7,-0.93,0.18,0.01,50,0,17,25,0.5,0.8165500588221255,0.0038888884443943894,50,0,16,27,1.19,0.7934236827756413,0.002083666045877175,50,0,18,28,0.46,0.8590800744623759,0.003436647308360685,1.0291475746798746,0.003990820755951807,0.9235736066538114,0.003336484569586351
QB3,60,48,7.85,-0.72,-0.93,0.18,0.01,50,0,17,25,0.45,0.7719856018180783,0.005236380473201185,50,0,16,27,0.78,0.7510330099409861,0.003002709722330965,50,0,18,28,0.41,0.8244913695058451,0.005098527122750829,1.027898363453743,0.006630241482743271,0.9109046349279727,0.0054094080665568756
QB3,60,48,7.85,-0.72,-0.97,0.18,0.01,50,0,17,25,0.56,0.720385765857295,0.005427077552881965,50,0,16,27,0.75,0.6921023492910982,0.0027914106278915662,50,0,18,28,0.3,0.7770860697384994,0.005257088340499871,1.0408659450371274,0.007047943275250601,0.8906379566474542,0.005851133183026103
QB3,60,48,7.85,-0.73,-0.97,0.18,0.01,50,0,17,25,0.69,0.6953158976765235,0.0068800535626909465,50,0,16,27,0.67,0.6705539214618418,0.003773427062443435,50,0,18,28,0.4,0.7610168801111332,0.0072178347154521205,1.0369276435826358,0.010239031962886891,0.8811288408792182,0.008385043669179804
QB3,60,48,7.85,-0.72,-0.99,0.18,0.01,50,0,17,25,0.61,0.6926644161221157,0.005382508324456969,50,0,16,27,0.71,0.6599035596859119,0.002626558797933165,50,0,18,28,0.28,0.7516771662973016,0.005373103421270731,1.0496449154658247,0.007480756551575984,0.8779082154863652,0.006042259092237545
QB3,60,48,7.85,-0.73,-0.99,0.18,0.01,50,0,17,25,0.76,0.6667854339251845,0.00693022059749171,50,0,16,27,0.62,0.6376309949279368,0.003531036048526892,50,0,18,28,0.35,0.735083121585185,0.007255809942694813,1.0457230580526322,0.0111631902307876,0.8674270653268497,0.00913155869858806
QB3,60,48,7.85,-0.72,-1.01,0.18,0.01,50,0,17,25,0.66,0.6634449104260228,0.00538537402107353,50,0,16,27,0.67,0.6253526546533215,0.002618154720983812,50,0,18,28,0.3,0.7247981193188837,0.005719239080367977,1.060913239096776,0.008106736809856407,0.8627956364469952,0.006721357854040821
QB3,60,48,7.85,-0.73,-1.01,0.18,0.01,50,0,17,25,0.79,0.6366525802104348,0.007286175338698908,50,0,16,27,0.58,0.6021259919541984,0.003260745355849748,50,0,18,28,0.34,0.7073877466608745,0.007934022008841302,1.0573411357715692,0.012748299299512489,0.8511965252387399,0.010126751073913809
QB3,60,48,7.85,-0.72,-1.03,0.18,0.01,50,0,17,25,0.71,0.632683397602253,0.005788075888758071,50,0,16,27,0.66,0.587912514625258,0.002626539642657688,50,0,18,28,0.38,0.696215191750964,0.006157607080404803,1.0761522877354168,0.008874650474422818,0.8444408016243835,0.007860907798952654
QB3,60,48,7.85,-0.73,-1.03,0.18,0.01,50,0,17,25,0.79,0.6051132565902229,0.007561496548565527,50,0,16,27,0.61,0.5634439635776294,0.0030993412201365533,50,0,18,28,0.36,0.6774711613679094,0.008964860063322755,1.0739546356092116,0.013797215772742177,0.831687008550972,0.01083728549769436
QB3,60,48,7.85,-0.7,-1.04,0.18,0.16,50,0,17,25,0.92,0.6652750569626741,0.0037785863306660783,50,0,17,27,1.08,0.6183534305074245,0.002186383762069366,50,0,15,27,0.58,0.7192548697206409,0.0034324386341765267,1.075881565687677,0.004939147377495123,0.8597139297056041,0.003986972154723989
QB3,60,48,7.85,-0.71,-1.04,0.18,0.16,50,0,17,25,0.82,0.6409139291665027,0.004469545414014342,50,0,17,27,0.91,0.5938116111685543,0.0023451700597852954,50,0,15,27,0.44,0.6999745852442971,0.003649675187876067,1.0793219888463554,0.006248208917324138,0.8483331019244206,0.004639444930074843
QB3,60,48,7.85,-0.72,-1.04,0.18,0.16,50,0,17,25,0.92,0.6155728259001256,0.0054099517514887285,50,0,17,27,0.76,0.5689672104492856,0.002593761048812704,50,0,15,27,0.36,0.6808479120357882,0.004247848657425113,1.081912656116049,0.00835412820873227,0.8356744588494505,0.0052177314261755425
QB3,60,48,7.85,-0.7,-1.05,0.18,0.18,50,0,16,25,0.87,0.6498320033667269,0.003935090388330842,50,0,17,27,1.13,0.5986787614305698,0.0023194097034783256,50,0,16,27,0.6,0.7042670665706671,0.004159901467627347,1.0854435554284976,0.005586596016351475,0.8500734875276147,0.004607805105160789
QB3,60,48,7.85,-0.71,-1.05,0.18,0.18,50,0,16,25,0.76,0.6254191942645797,0.004702490400727344,50,0,17,27,0.99,0.5735769545054494,0.002531899046835484,50,0,16,27,0.47,0.6847824381083176,0.004472799472760136,1.0903841051351684,0.00701520016196211,0.8376046501571088,0.005199270908115561
QB3,60,48,7.85,-0.72,-1.05,0.18,0.18,50,0,16,25,0.77,0.6000848649216242,0.0054510696000160674,50,0,17,27,0.88,0.548104794134184,0.002726180890845864,50,0,16,27,0.41,0.6653709574089077,0.005350455918868402,1.094836008266541,0.009027919407433638,0.8237582179249565,0.0061607821691445075
QB3,60,48,7.85,-0.7,-1.06,0.18,0.2,50,0,16,30,0.8,0.6341092468975337,0.004342088561010371,50,0,16,30,1.13,0.5776342052139039,0.00238865726731996,50,0,16,28,0.5,0.6900614419064237,0.004789197000036438,1.097769559305645,0.006561316735376854,0.8370764835346856,0.0054414481198116205
QB3,60,48,7.85,-0.71,-1.06,0.18,0.2,50,0,16,30,0.8,0.6089057911157454,0.004985282379147193,50,0,16,30,1.19,0.5516694184946174,0.002559256292905543,50,0,16,28,0.41,0.6704229810626834,0.0052343063119388855,1.1037512153153484,0.007981160518854447,0.8228677030434869,0.006167969262422912
QB3,60,48,7.85,-0.72,-1.06,0.18,0.2,50,0,16,30,0.86,0.5821423031559301,0.006005801181863557,50,0,16,30,1.28,0.5248312179998733,0.00273638815621291,50,0,16,28,0.38,0.6508018877998734,0.00634278951487155,1.1091990780854628,0.010356745308895965,0.8064377621493055,0.007694577364484867
QB4,60,48,8.0,-0.6,-0.81,0.18,0.01,100,0,20,29,1.08,0.9475575239222778,0.0018807477685875984,100,0,20,30,0.62,0.9379106760697555,0.0016248344234198742,100,0,19,30,0.43,0.9643018860359122,0.0018935801223768367,1.0102854654485294,0.0011591155474537373,0.972631796796907,0.0009165350930895322
QB4,60,48,8.0,-0.62,-0.81,0.18,0.01,60,0,20,30,1.3,0.9071175824587744,0.002142555324721296,60,0,20,30,0.56,0.8981439764363637,0.0017610634906213285,60,0,19,30,0.39,0.9269715971245127,0.0020418757818636557,1.009991277855045,0.001494364611636323,0.9689012902039578,0.001121633105131914
QB4,60,48,8.0,-0.64,-0.81,0.18,0.01,60,0,20,30,1.55,0.8655381297261651,0.0025592337771698226,60,0,20,30,0.55,0.8580487551177091,0.0019534222508146293,60,0,19,30,0.31,0.8890076962010502,0.002214397613275132,1.0087283788523516,0.002012137897927646,0.9651758458159176,0.00140518398364875
QB4,60,48,8.0,-0.66,-0.81,0.18,0.1,50,0,19,30,1.38,0.8245458815906446,0.0028629865928221365,50,0,20,30,0.72,0.8182009351123949,0.00214451088990697,50,0,20,30,0.26,0.850852260208351,0.0026800145801040287,1.007754753393649,0.0027877389255928087,0.9616251532458048,0.0016009987433449613
QB4,60,48,8.0,-0.68,-0.81,0.18,0.1,50,0,19,27,1.44,0.7817508978648738,0.004357703137975233,50,0,20,27,1.0,0.7788842611033165,0.002859748140255358,50,0,20,30,0.48,0.8153289122321703,0.0036195932096773076,1.0036804399635662,0.004747247389994991,0.9553006761049633,0.002693381672027595
QB4,60,48,8.0,-0.69,-0.81,0.18,0.1,50,0,17,27,1.0,0.7651660887102895,0.004583516477938754,50,0,19,27,1.24,0.7609326417000725,0.003534224439717737,50,0,20,30,0.85,0.7988704447156736,0.004895807821370557,1.00556349771086,0.006143823758243072,0.9525106939848005,0.004412965000239577
QB4,60,48,8.0,-0.7,-0.81,0.18,0.01,50,0,16,27,0.57,0.7486084483649944,0.006831374418808767,50,0,17,25,1.33,0.7409624654339895,0.005412975310258972,50,0,19,27,0.46,0.7818854473827679,0.009056598264014504,1.0103189881912933,0.009606731607998409,0.9476611540913553,0.009328079439188897
QB4,60,48,8.0,-0.62,-0.82,0.18,0.01,60,0,20,30,1.3,0.8963461234708163,0.0021177939619984043,60,0,20,30,0.57,0.8867304001543582,0.001741877275856063,60,0,19,30,0.4,0.9164469983615274,0.0020228341864740873,1.0108440212659724,0.0015311612206014846,0.9675741223875487,0.0011145210233129976
QB4,60,48,8.0,-0.64,-0.82,0.18,0.01,60,0,20,30,1.56,0.8547214339981823,0.0025468980189689017,60,0,20,30,0.56,0.8464816912625301,0.001910815019951162,60,0,19,30,0.32,0.8784057788314785,0.0021498410067966045,1.0097341062668026,0.0019893640365111764,0.9636567878555897,0.0014207994056374407
QB4,60,48,8.0,-0.68,-0.82,0.18,0.01,60,0,19,27,1.32,0.770097856168621,0.004238897389484353,60,0,19,27,0.67,0.7680087288168751,0.0029420592918809607,60,0,19,30,0.33,0.8051008780493798,0.0035913352817597,1.0027201869892342,0.005117296737134347,0.9539285693957104,0.0028929418569977328
QB4,60,48,8.0,-0.7,-0.82,0.18,0.01,50,0,16,27,0.58,0.737030516217378,0.006776019338119665,50,0,17,25,1.31,0.7287612311369474,0.005365874200119247,50,0,19,27,0.46,0.7713314740522765,0.00912202510960336,1.0113470430740803,0.009593529805690837,0.9448094051035132,0.009409811525387446
QB4,60,48,8.0,-0.62,-0.84,0.18,0.01,60,0,20,30,1.32,0.8743471030036227,0.0021160150857169047,60,0,20,30,0.58,0.8633565832295615,0.0017172476664713,60,0,19,30,0.41,0.8950002854189468,0.00198202372071965,1.0127299889611647,0.001491978954079487,0.9646439194434748,0.0011334363907505862
QB4,60,48,8.0,-0.64,-0.84,0.18,0.01,60,0,20,30,1.59,0.8326215696150165,0.002493944627490974,60,0,20,30,0.58,0.8227742133278526,0.0018916771661853238,60,0,19,30,0.32,0.8567940276681736,0.0021633287305866666,1.0119684794779051,0.0019948360694754808,0.9602940575660777,0.0014246633070722492
QB4,60,48,8.0,-0.68,-0.84,0.18,0.01,60,0,19,27,1.36,0.7475090011170367,0.004125648545934224,60,0,19,27,0.71,0.7433892152921274,0.0028115388663160212,60,0,19,30,0.34,0.7830095593566208,0.0034995821952266137,1.0055418961429112,0.005266832190337967,0.9493999229114797,0.002971071678866788
QB4,60,48,8.0,-0.7,-0.84,0.18,0.01,50,0,16,27,0.6,0.7132910574864966,0.006374880545494177,50,0,17,25,1.26,0.7036811652342125,0.005165933376907406,50,0,19,27,0.45,0.749833447389699,0.008906163200300021,1.013656600072684,0.009662963717825379,0.9384499553652206,0.009747991939124234
QB4,60,48,8.0,-0.64,-0.91,0.18,0.01,60,0,20,30,1.78,0.7493337286685398,0.002259138493128754,60,0,20,29,0.83,0.732472505749691,0.0017996649181057922,60,0,22,30,0.43,0.7750814455817772,0.0026589088354128654,1.0230195983965176,0.0020370794000488246,0.9450265000214219,0.0025041834728697365
QB4,60,48,8.0,-0.66,-0.91,0.18,0.01,100,0,19,29,1.44,0.7064965406998686,0.0025399483027920278,100,0,20,29,0.84,0.6903477125523226,0.0020604097551396583,100,0,19,30,0.29,0.7371627584964903,0.002556174625611196,1.0233923106485587,0.0028934212306188645,0.9364929313037311,0.0024420671517939585
QB4,60,48,8.0,-0.64,-0.93,0.18,0.01,60,0,20,30,1.88,0.7234207757491142,0.0021940914511346943,60,0,20,29,0.91,0.7039489675791273,0.0017918979393448664,60,0,22,30,0.46,0.7504260012277424,0.0027562329585548717,1.027660823535192,0.0020992087221516353,0.938065800528532,0.0026535326823587946
QB4,60,48,8.0,-0.66,-0.93,0.18,0.01,100,0,19,29,1.51,0.680404553726062,0.00253362754060682,100,0,20,29,0.91,0.6610205007747045,0.0020494870507485885,100,0,19,30,0.33,0.7122607023990244,0.002485428334517259,1.029324435367193,0.0030256776196895263,0.9280597659652801,0.002513497859092051
QB4,60,48,8.0,-0.64,-0.95,0.18,0.01,60,0,20,26,1.55,0.6949329671363895,0.0022941319165508123,60,0,20,29,1.0,0.6738086177805852,0.0017803321661221672,60,0,22,26,0.7,0.7237902630839141,0.0028855739623940835,1.0313506666408994,0.002438155134534714,0.9309445735144765,0.0029316115724543623
QB4,60,48,8.0,-0.66,-0.95,0.18,0.01,100,0,20,28,2.08,0.6525004812771918,0.002658344318806294,100,0,20,29,0.99,0.6298859895535935,0.0019309293594182986,100,0,19,30,0.38,0.6865434681178207,0.002659474495462999,1.0359025158499324,0.003290497199719189,0.9174743025091254,0.0028037434516653414
QB4,60,48,8.0,-0.66,-0.99,0.18,0.16,50,0,18,29,2.19,0.59480587805709,0.002390026171159576,50,0,20,30,1.31,0.5603375972368816,0.0018917456270102218,50,0,18,27,0.48,0.6347244683138037,0.00280313835497481,1.061513417964772,0.003802240155495795,0.8828044690406582,0.003702280216833831
QB4,60,48,8.0,-0.68,-0.99,0.18,0.16,50,0,18,29,1.4,0.5478022432051859,0.003178590862272568,50,0,20,30,1.11,0.5117604946901431,0.00243713226557829,50,0,18,27,0.41,0.596501898449304,0.003418977312729665,1.0704269846715408,0.005658408101899548,0.8579360703135079,0.005299953961741433
QB4,60,48,8.0,-0.66,-1.01,0.18,0.16,50,0,17,30,1.36,0.5627046404928675,0.0026714683681590135,50,0,20,30,1.46,0.5198523687949468,0.0020635607862149463,50,0,18,26,0.09,0.6063645485189252,0.0031190934234669454,1.0824316176480164,0.004924731952139494,0.8573264549596631,0.004548823888305353
QB4,60,48,8.0,-0.68,-1.01,0.18,0.16,50,0,17,30,0.62,0.5148772999050582,0.0035488619704715507,50,0,20,30,1.22,0.467707418493441,0.0024117660081158787,50,0,18,26,0.31,0.5688698697163841,0.004087530800363615,1.100853395833572,0.007263851957154843,0.8221694334534211,0.006528703828844629
QB4,60,48,8.0,-0.66,-1.015,0.18,0.2,50,0,18,29,1.31,0.5536235231692748,0.003067887897922894,50,0,21,30,1.36,0.509925926652322,0.002162872418008388,50,0,18,26,0.12,0.5993111306920766,0.0034128589658859454,1.0856940081549271,0.005965691021574182,0.8508534224342975,0.0050020632188640946
QB4,60,48,8.0,-0.67,-1.015,0.18,0.2,50,0,18,29,0.96,0.5295052138447431,0.003425835601635674,50,0,21,30,1.23,0.4836578884918199,0.0022981068395483417,50,0,19,26,0.21,0.5814637099343822,0.00452025489753316,1.0947928824150641,0.007100839547640847,0.8317937649907685,0.006294719765319479
QB4,60,48,8.0,-0.68,-1.015,0.18,0.2,50,0,18,29,0.62,0.5056455702318087,0.00415496923720482,50,0,21,30,1.13,0.45673015159346925,0.002586962508957791,50,0,17,26,0.34,0.5623568305617349,0.004068432417503431,1.1070991666910541,0.008751054661756852,0.8121714306150495,0.00729844495788734
QB4,60,48,8.0,-0.69,-1.015,0.18,0.2,50,0,18,29,0.57,0.48266606814540003,0.005639817093001487,50,0,21,30,1.04,0.42903583889120334,0.0030678789821173558,50,0,18,25,0.57,0.5475445771945506,0.0060280583754487305,1.1250017466904354,0.012089253640944042,0.783563305638877,0.010253800558532533
QB5,60,48,8.2,-0.62,-0.95,0.18,0.2,50,20,20,30,0.36,0.49019780570531074,0.0028359102643549794,50,20,20,30,0.36,0.46001336645095475,0.0017955643417825184,50,0,21,30,0.89,0.5203938418067886,0.0031267542681355787,1.0656164395552932,0.003968272359293312,0.8839715797823529,0.003976452437162381
QB5,60,48,8.2,-0.64,-0.95,0.18,0.2,50,20,20,30,0.49,0.43712810180518036,0.0037217627129850217,50,20,20,29,0.38,0.40610181061678785,0.0021756556196555477,50,0,21,30,0.57,0.4779930495031014,0.004094168535166198,1.0764002779038826,0.0067601047694885175,0.8495977316803074,0.005556468679844495
QB5,60,48,8.2,-0.646,-0.95,0.18,0.2,50,20,20,30,0.49,0.4203729224397685,0.004571601067982212,50,20,20,29,0.4,0.3897379254605785,0.0024827946233933473,50,0,21,30,0.52,0.4660395891550031,0.004542586945947669,1.0786040951569869,0.009072064744881425,0.8362764334404068,0.006425828854506821
QB5,60,48,8.2,-0.62,-0.956,0.18,0.2,50,20,20,30,0.39,0.4792721029112288,0.0029639154237653953,50,20,20,29,0.29,0.4469778813959396,0.001889217970535928,50,0,21,30,0.82,0.5111164579202976,0.0033416931333892785,1.0722501556775748,0.004574372043943065,0.8745127934535036,0.004351336083651014
QB5,60,48,8.2,-0.64,-0.956,0.18,0.2,50,20,20,30,0.53,0.42517726753983925,0.004027958198280834,50,20,20,29,0.43,0.39181472984386573,0.0022903770740037577,50,0,21,30,0.5,0.46827297642079074,0.004267900372356914,1.0851487582135264,0.007675921414479925,0.8367229149943098,0.006408570340967201
QB5,60,48,8.2,-0.646,-0.956,0.18,0.2,50,20,20,30,0.54,0.4078937293443398,0.004704535378493635,50,20,20,29,0.43,0.374955085748752,0.0025049668142987924,50,0,21,30,0.48,0.4562508240256624,0.0049034368480286306,1.0878469044627366,0.010008267103358781,0.8218178817528277,0.007486220354112061
QB5,60,48,8.2,-0.62,-0.961,0.18,0.2,50,0,22,30,0.54,0.4693288864406936,0.003740334397833278,50,0,23,29,0.1,0.43508224390096034,0.0020422014193017257,50,0,21,30,0.75,0.5033767930666551,0.0035182327155233173,1.0787130318918023,0.00603397175122411,0.864327179746144,0.0055499246255721335
QB5,60,48,8.2,-0.64,-0.961,0.18,0.2,50,0,22,30,0.77,0.41455280386150406,0.00520097309221379,50,0,23,29,0.16,0.3781233578170346,0.0025118790952737835,50,0,21,30,0.48,0.4601289751656472,0.004608164804327075,1.096342755059572,0.011267551095766715,0.8217768891448524,0.008570393981287783
QB5,60,48,8.2,-0.646,-0.961,0.18,0.2,50,0,22,30,0.82,0.3971000827970232,0.006173526158017417,50,0,23,29,0.14,0.3605071332528047,0.0029736131628764206,50,0,21,30,0.5,0.44816011206000794,0.005234333332252761,1.1015040928983721,0.015552085473573785,0.8044159298240566,0.009766719825285541
